<?xml version="1.0" encoding="utf-8"?>
<modification>
    <name>Simple Custom Data Admin</name>
	<code>Simple Custom Data Admin</code>
    <version>1.0.0</version>
    <author>deeman</author>
    <link>http://simpleopencart.com</link>

    <file path="admin/controller/sale/order.php">
        <operation>
            <search><![CDATA[
                $store_info = $this->model_setting_setting->getSetting('config', $order_info['store_id']);
            ]]></search>
            <add position="after" index="1"><![CDATA[
                $this->load->model('module/simplecustom');

                $customInfo = $this->model_module_simplecustom->getCustomFields('order', $order_info['order_id'], $order_info['language_code']);
            ]]></add>
        </operation>
        <operation>
            <search><![CDATA[
                $shipping_address = str_replace(
            ]]></search>
            <add position="before" index="1"><![CDATA[
                $find[] = '{company_id}';
                $find[] = '{tax_id}';
                $replace['company_id'] = isset($order_info['shipping_company_id']) ? $order_info['shipping_company_id'] : '';
                $replace['tax_id'] = isset($order_info['shipping_tax_id']) ? $order_info['shipping_tax_id'] : '';

                foreach($customInfo as $id => $value) {
                    if (strpos($id, 'shipping_') === 0) {
                        $id = str_replace('shipping_', '', $id);
                        $find[] = '{'.$id.'}';
                        $replace[$id] = $value;
                    } elseif (strpos($id, 'payment_') === false) {
                        $find[] = '{'.$id.'}';
                        $replace[$id] = $value;
                    }
                }
            ]]></add>
        </operation>
        <operation>
            <search><![CDATA[
                $payment_address = str_replace
            ]]></search>
            <add position="before" index="1"><![CDATA[
                $find[] = '{company_id}';
                $find[] = '{tax_id}';
                $replace['company_id'] = isset($order_info['payment_company_id']) ? $order_info['payment_company_id'] : '';
                $replace['tax_id'] = isset($order_info['payment_tax_id']) ? $order_info['payment_tax_id'] : '';

                foreach($customInfo as $id => $value) {
                    if (strpos($id, 'payment_') === 0) {
                        $id = str_replace('payment_', '', $id);
                        $find[] = '{'.$id.'}';
                        $replace[$id] = $value;
                    } elseif (strpos($id, 'shipping_') === false) {
                        $find[] = '{'.$id.'}';
                        $replace[$id] = $value;
                    }
                }
            ]]></add>
        </operation>
    </file>

    <file path="admin/view/template/customer/customer_form.tpl">
        <operation>
            <search><![CDATA[id="tab-customer"]]></search>
            <add position="after"><![CDATA[
            <script type="text/javascript">
                jQuery(function(){
                    if (jQuery('#tab-customer table').length) {
                        jQuery('#tab-customer table').after('<div id="simple_custom_customer" class="simple-container"></div>');
                    } else {
                        jQuery('#tab-customer').append('<div id="simple_custom_customer" class="simple-container"></div>');
                    }
                    jQuery('#simple_custom_customer').load('index.php?option=com_mijoshop&format=raw&tmpl=component&route=module/simple/custom&token=<?php echo $token; ?>&set=customer&object=customer&id=<?php echo $customer_id; ?>');
                });
            </script>
            ]]></add>
        </operation>
        <operation>
            <search><![CDATA[
            <input type="hidden" name="address[<?php echo $address_row; ?>][address_id]" value="<?php echo $address['address_id']; ?>" />
            ]]></search>
            <add position="after"><![CDATA[
            <script type="text/javascript">
                jQuery(function(){
                    if (jQuery('#tab-address-<?php echo $address_row; ?> table').length) {
                        jQuery('#tab-address-<?php echo $address_row; ?> table').after('<div id="simple_custom_address_<?php echo $address_row; ?>" class="simple-container"></div>');
                    } else {
                        jQuery('#tab-address<?php echo $address_row; ?>').append('<div id="simple_custom_address_<?php echo $address_row; ?>" class="simple-container"></div>');
                    }
                    jQuery('#simple_custom_address_<?php echo $address_row; ?>').load('index.php?option=com_mijoshop&format=raw&tmpl=component&route=module/simple/custom&set=address&token=<?php echo $token; ?>&object=address&id=<?php echo $address['address_id']; ?>');
                });
            </script>
            ]]></add>
        </operation>
    </file>

    <file path="admin/view/template/sale/customer_form.tpl">
        <operation>
            <search><![CDATA[id="tab-customer"]]></search>
            <add position="after"><![CDATA[
            <script type="text/javascript">
                jQuery(function(){
                    if (jQuery('#tab-customer table').length) {
                        jQuery('#tab-customer table').after('<div id="simple_custom_customer" class="simple-container"></div>');
                    } else {
                        jQuery('#tab-customer').append('<div id="simple_custom_customer" class="simple-container"></div>');
                    }
                    jQuery('#simple_custom_customer').load('index.php?option=com_mijoshop&format=raw&tmpl=component&route=module/simple/custom&token=<?php echo $token; ?>&set=customer&object=customer&id=<?php echo $customer_id; ?>');
                });
            </script>
            ]]></add>
        </operation>
        <operation>
            <search><![CDATA[
            <input type="hidden" name="address[<?php echo $address_row; ?>][address_id]" value="<?php echo $address['address_id']; ?>" />
            ]]></search>
            <add position="after"><![CDATA[
            <script type="text/javascript">
                jQuery(function(){
                    if (jQuery('#tab-address-<?php echo $address_row; ?> table').length) {
                        jQuery('#tab-address-<?php echo $address_row; ?> table').after('<div id="simple_custom_address_<?php echo $address_row; ?>" class="simple-container"></div>');
                    } else {
                        jQuery('#tab-address<?php echo $address_row; ?>').append('<div id="simple_custom_address_<?php echo $address_row; ?>" class="simple-container"></div>');
                    }
                    jQuery('#simple_custom_address_<?php echo $address_row; ?>').load('index.php?option=com_mijoshop&format=raw&tmpl=component&route=module/simple/custom&set=address&token=<?php echo $token; ?>&object=address&id=<?php echo $address['address_id']; ?>');
                });
            </script>
            ]]></add>
        </operation>
    </file>

    <file path="admin/view/template/sale/order_info.tpl">
        <operation>
            <search><![CDATA[id="tab-order"]]></search>
            <add position="after"><![CDATA[
            <script type="text/javascript">
                jQuery(function(){
                    if (jQuery('#tab-order table').length) {
                        jQuery('#tab-order table').after('<div id="simple_custom_order" class="simple-container"></div>');
                    } else {
                        jQuery('#tab-order').append('<div id="simple_custom_order" class="simple-container"></div>');
                    }
                    jQuery('#simple_custom_order').load('index.php?option=com_mijoshop&format=raw&tmpl=component&route=module/simple/custom&set=order&token=<?php echo $token; ?>&object=order&id=<?php echo $order_id; ?>');
                });
            </script>
            ]]></add>
        </operation>
        <operation>
            <search><![CDATA[id="tab-payment"]]></search>
            <add position="after"><![CDATA[
            <script type="text/javascript">
                jQuery(function(){
                    if (jQuery('#tab-payment table').length) {
                        jQuery('#tab-payment table').after('<div id="simple_custom_payment_address" class="simple-container"></div>');
                    } else {
                        jQuery('#tab-payment').append('<div id="simple_custom_payment_address" class="simple-container"></div>');
                    }
                    jQuery('#simple_custom_payment_address').load('index.php?option=com_mijoshop&format=raw&tmpl=component&route=module/simple/custom&set=payment_address&token=<?php echo $token; ?>&object=order&id=<?php echo $order_id; ?>');
                });
            </script>
            ]]></add>
        </operation>
        <operation>
            <search><![CDATA[id="tab-shipping"]]></search>
            <add position="after"><![CDATA[
            <script type="text/javascript">
                jQuery(function(){
                    if (jQuery('#tab-payment table').length) {
                        jQuery('#tab-shipping table').after('<div id="simple_custom_shipping_address" class="simple-container"></div>');
                    } else {
                        jQuery('#tab-shipping').append('<div id="simple_custom_shipping_address" class="simple-container"></div>');
                    }
                    jQuery('#simple_custom_shipping_address').load('index.php?option=com_mijoshop&format=raw&tmpl=component&route=module/simple/custom&set=shipping_address&token=<?php echo $token; ?>&object=order&id=<?php echo $order_id; ?>');
                });
            </script>
            ]]></add>
        </operation>
    </file>

    <file path="admin/view/template/sale/order_form.tpl">
        <operation>
            <search><![CDATA[id="tab-customer"]]></search>
            <add position="after"><![CDATA[
            <script type="text/javascript">
                jQuery(function(){
                    jQuery('#tab-customer').append('<div id="simple_custom_order" class="simple-container"></div>');
                    jQuery('#simple_custom_order').load('index.php?option=com_mijoshop&format=raw&tmpl=component&route=module/simple/custom&set=order&token=<?php echo $token; ?>&object=order&id=<?php echo $order_id; ?>');
                });
            </script>
            ]]></add>
        </operation>
        <operation>
            <search><![CDATA[id="tab-payment"]]></search>
            <add position="after"><![CDATA[
            <script type="text/javascript">
                jQuery(function(){
                    jQuery('#tab-payment').append('<div id="simple_custom_payment_address" class="simple-container"></div>');
                    jQuery('#simple_custom_payment_address').load('index.php?option=com_mijoshop&format=raw&tmpl=component&route=module/simple/custom&set=payment_address&token=<?php echo $token; ?>&object=order&id=<?php echo $order_id; ?>');
                });
            </script>
            ]]></add>
        </operation>
        <operation>
            <search><![CDATA[id="tab-shipping"]]></search>
            <add position="after"><![CDATA[
            <script type="text/javascript">
                jQuery(function(){
                    jQuery('#tab-shipping').append('<div id="simple_custom_shipping_address" class="simple-container"></div>');
                    jQuery('#simple_custom_shipping_address').load('index.php?option=com_mijoshop&format=raw&tmpl=component&route=module/simple/custom&set=shipping_address&token=<?php echo $token; ?>&object=order&id=<?php echo $order_id; ?>');
                });
            </script>
            ]]></add>
        </operation>
    </file>

</modification>

